,rank,elpd_loo,p_loo,elpd_diff,weight,se,dse,warning,scale
Model1_Log,0,23.705240267901694,2.605547376668955,0.0,0.9999999999999969,3.0886438189008265,0.0,False,log
Model2_ChangePoint,1,20.390586606004426,4.616877787386976,3.3146536618972657,3.1086244689504383e-15,3.347594102570697,1.8312996792192318,False,log
