{
  "elpd_loo": 23.705240267901694,
  "se": 3.0886438189008265,
  "p_loo": 2.605547376668955,
  "loo_ic": 23.705240267901694,
  "pareto_k_stats": {
    "mean": 0.12562217302255604,
    "max": 0.3248936828607805,
    "min": -0.09115654868945845,
    "k_excellent": 27,
    "k_good": 0,
    "k_bad": 0,
    "k_very_bad": 0
  },
  "interpretation": "excellent"
}