Parameter,Mean,SD,Median,CI_2.5,CI_97.5,CV,ESS
alpha,1.6498752826521133,0.089754500718103,1.6592855633003976,1.4502292329638051,1.8014384349843942,0.05440077905393308,2333.2277998521613
beta,0.31436889973167276,0.032647258630873525,0.3118207014851143,0.25627963690295896,0.38598313108958515,0.1038501539393348,2377.102445496618
c,0.6296786251901355,0.43114320151541824,0.5389301777818942,0.08046864947382251,1.6624650429521877,0.684703568245201,2639.9482445379763
nu,22.865908012407264,14.37230174959876,19.376922968950915,4.9788502904866805,60.48869243147418,0.6285471690780969,4367.344043983089
sigma,0.09251722534433747,0.014850094548869399,0.09085586157558484,0.06844931166536301,0.1266700948649371,0.16051167221670576,1738.569452695659
