,rank,elpd_loo,p_loo,elpd_diff,weight,se,dse,warning,scale
Model_1_Linear,0,-174.61062143944886,1.5141776994165355,0.0,1.0,4.802914032515727,0.0,False,log
Model_2_Quadratic,1,-175.0560263812614,2.124954319704841,0.445404941812539,0.0,5.213353698777053,0.9300665372551123,False,log
