{
  "I2": {
    "mean": 0.17555439312077684,
    "sd": 0.17189284220757065,
    "ci_2.5": 9.119433696407746e-05,
    "ci_97.5": 0.5990592761732221
  },
  "shrinkage": {
    "study_1": 0.8629619686417386,
    "study_2": 0.7838741331131799,
    "study_3": 0.8762506356566261,
    "study_4": 0.7919275347819444,
    "study_5": 0.7276161778905388,
    "study_6": 0.7591324268695325,
    "study_7": 0.7444274992159847,
    "study_8": 0.8690677492015056
  },
  "theta_posterior": {
    "study_1": {
      "mean": 11.260129399264033,
      "sd": 7.291162270227203,
      "ci_2.5": -1.8638925640086528,
      "ci_97.5": 27.761197677975666
    },
    "study_2": {
      "mean": 11.042142884456018,
      "sd": 6.224850726988954,
      "ci_2.5": -0.19318634937605905,
      "ci_97.5": 24.409753653219155
    },
    "study_3": {
      "mean": 11.875552077936506,
      "sd": 7.567985519986616,
      "ci_2.5": -1.0059441889233127,
      "ci_97.5": 29.44355629583355
    },
    "study_4": {
      "mean": 13.170354540507407,
      "sd": 7.252482693842449,
      "ci_2.5": 0.963310102607908,
      "ci_97.5": 29.71706382593906
    },
    "study_5": {
      "mean": 5.851529716801011,
      "sd": 6.5249020582500785,
      "ci_2.5": -8.589551229339738,
      "ci_97.5": 17.25899869335794
    },
    "study_6": {
      "mean": 8.955672629465722,
      "sd": 6.290403401013218,
      "ci_2.5": -3.8793138250106747,
      "ci_97.5": 21.296535861621372
    },
    "study_7": {
      "mean": 8.157337747002064,
      "sd": 6.174106625623393,
      "ci_2.5": -4.920073433877445,
      "ci_97.5": 19.902302883087977
    },
    "study_8": {
      "mean": 9.696547359665665,
      "sd": 7.342881237223468,
      "ci_2.5": -5.3266400134367515,
      "ci_97.5": 25.100302620465435
    }
  }
}