{
  "elpd_loo": -32.23067473236565,
  "se": 1.1039471671627077,
  "p_loo": 2.1103458739911503,
  "n_samples": 20000,
  "n_data_points": 8,
  "warning": false,
  "scale": "log",
  "pareto_k": [
    0.5272119316246241,
    0.5632609384034052,
    0.4950923336314603,
    0.39814903730090295,
    0.6467337927247758,
    0.5854799087091421,
    0.5489458747921859,
    0.3982658478497793
  ]
}