School,Effect (y),SE (sigma),Precision,Weight (%),Residual,Z-score,95% CI Lower,95% CI Upper
1,28,15,0.0044444444444444,7.369122503361627,20.314383275043966,1.3542922183362645,-2,58
2,8,10,0.01,16.580525632563663,0.3143832750439648,0.0314383275043964,-12,28
3,-3,16,0.00390625,6.476767825220181,-10.685616724956034,-0.6678510453097521,-35,29
4,7,11,0.0082644628099173,13.702913745920382,-0.6856167249560352,-0.0623287931778213,-15,29
5,-1,9,0.0123456790123456,20.469784731560075,-8.685616724956034,-0.965068524995115,-19,17
6,1,11,0.0082644628099173,13.702913745920382,-6.685616724956035,-0.6077833386323669,-21,23
7,18,10,0.01,16.580525632563663,10.314383275043966,1.0314383275043966,-2,38
8,12,18,0.0030864197530864,5.117446182890019,4.314383275043965,0.2396879597246647,-24,48
