,rank,elpd_loo,p_loo,elpd_diff,weight,se,dse,warning,scale
Exp3_AR1,0,-169.322698850013,3.8356794605429627,0.0,1.0,4.9332603660132,0.0,False,log
Exp1_QuadTrend,1,-174.17393100860176,2.4310281366897186,4.8512321585887666,0.0,5.609886791727174,1.1261206904101213,False,log
