scenario,tau_target,rep,mu_true,tau_true,mu_mean,tau_mean,rel_error_mu,rel_error_tau,coverage_mu_90,coverage_tau_90,rhat_mu,rhat_tau,converged,n_divergences,success
Low Heterogeneity,0.3,1,-2.512305623976115,0.3,-2.496192759875006,0.17290215227259625,0.6413576416553753,42.36594924246791,True,True,1.001271990323561,1.0015104178258265,True,0,False
Low Heterogeneity,0.3,2,-2.512305623976115,0.3,-2.3292296381985493,0.5910232183989388,7.287170160763291,97.00773946631294,True,False,1.007849410255706,1.0075533574629267,True,0,False
Low Heterogeneity,0.3,3,-2.512305623976115,0.3,-2.514258039956918,0.3756028213519851,0.0777141109811835,25.2009404506617,True,True,1.0005681210060502,1.0065355182938691,True,0,True
Moderate Heterogeneity,0.7,1,-2.512305623976115,0.7,-2.639556257356041,0.9757235655186507,5.06509367990557,39.38908078837868,True,True,1.0080059570013877,1.0169058460270048,False,0,False
Moderate Heterogeneity,0.7,2,-2.512305623976115,0.7,-2.496490578317238,0.8002520768281783,0.6295032542197959,14.321725261168341,True,True,1.0135871880650693,1.003707979564894,False,0,False
Moderate Heterogeneity,0.7,3,-2.512305623976115,0.7,-2.5000770129490664,1.1158523371784177,0.4867485432642044,59.40747673977397,True,False,1.0115424473627892,0.9996814464722866,False,0,False
High Heterogeneity,1.2,1,-2.512305623976115,1.2,-2.5246693118468535,1.220999892153542,0.49212515200166035,1.7499910127951788,True,True,1.0048950989161274,1.0008739607512376,True,0,True
High Heterogeneity,1.2,2,-2.512305623976115,1.2,-2.6948587626144973,1.2493833554978122,7.266358714329659,4.115279624817688,True,True,1.0138928953403934,1.0018080315805422,False,0,False
High Heterogeneity,1.2,3,-2.512305623976115,1.2,-2.7100130197439194,1.3560724715629722,7.869559892753091,13.006039296914352,True,True,1.0051865203848147,1.0040563102257372,True,0,True
