parameter,bias,standardized_bias,coverage,mean_width,n_sims
β₀,-0.037368035093489176,-0.03897930997657472,0.82,0.6524880671466454,50
β₁,0.0014568250645519531,0.003268714989792792,0.92,0.5757994569258195,50
φ,0.05398203776857921,0.046816754133776055,0.9,1.102285755194695,50
