prior_mu_mean,prior_mu_sd,prior_kappa_mean,prior_kappa_sd,prior_kappa_median,prior_kappa_5th,prior_kappa_95th,prior_phi_mean,prior_phi_sd,prior_phi_median,prior_phi_5th,prior_phi_95th,prior_phi_min,prior_phi_max,phi_covers_observed,phi_mass_in_observed_range,phi_mass_in_reasonable_range,pooled_rate_obs,pooled_rate_prior_mean,pooled_rate_prior_sd,p_range_obs,p_range_prior_mean
0.1018438681398977,0.0636785473868612,2.9595720369254015,2.376262016814741,2.3632715590253226,0.34217546086878403,7.769261279521971,1.9775353927556114,3.437849400119084,1.423142274938956,1.128712365934975,3.922477831623291,1.0535039676715945,95.70317242442928,True,0.027,0.175,0.07391613361762615,0.09840973702914001,0.08815144037388226,0.1441860465116279,0.43724553774054564
