Metric,Exp1_Hierarchical,Exp3_BetaBinomial
Parameters,14,2
Sampling_time_sec,90,6
ELPD_loo,-38.76292989790748,-40.2766680206189
SE_loo,2.9364238629630437,2.194841930136985
p_loo,8.268559017184558,0.6057824829880829
Pareto_k_max,1.0598516544066334,0.2042739362035469
Pareto_k_bad_count,10,0
LOO_reliable,NO,YES
ELPD_waic,-36.085846766118195,-40.271557001484375
SE_waic,2.100118869906922,2.1932809143472816
p_waic,5.591475885395278,0.6006714638535586
WAIC_warning,True,False
