{"J": 8, "y": [20.01688984749188, 15.295025924878967, 26.079686056325396, 25.733240883799738, -4.8817921776782764, 6.075413959121271, 3.1700064947508375, 8.548174873717354], "sigma": [15, 10, 16, 11, 9, 11, 10, 18]}