{
  "n_draws": 1000,
  "parameters": {
    "delta": {
      "mean": 0.04914682267394309,
      "sd": 0.019232629090218265,
      "q025": 0.009786184519102814,
      "q975": 0.0848473265239314
    },
    "sigma_eta": {
      "mean": 0.10233142833473921,
      "median": 0.07091772293260538,
      "q025": 0.0029776115947317584,
      "q975": 0.3727247772484477
    },
    "phi": {
      "mean": 9.859288641265179,
      "median": 7.046026454451491,
      "q025": 0.31285855540572755,
      "q975": 39.77793043053696
    }
  },
  "predictive_checks": {
    "mean_count": {
      "mean": 418.81685,
      "q025": 15.875000000000004,
      "q975": 2196.0356249999977
    },
    "max_count": {
      "median": 550.5,
      "q975": 11609.599999999975,
      "extreme": 175837.0
    },
    "growth_factor": {
      "mean": 15.230643553044597,
      "median": 6.601089861570666,
      "q025": 0.7867255855804796,
      "q975": 59.173712542306816
    }
  },
  "observed_data": {
    "mean": 109.45,
    "max": 272,
    "growth_factor": 8.448275862068966
  },
  "red_flags": {
    "extreme_counts_pct": 0.3975,
    "extreme_growth_pct": 1.6,
    "near_zero_phi_pct": 0.0,
    "large_phi_pct": 0.0
  }
}