{
  "model": "skeptical",
  "mu": {
    "mean": 8.575198303297892,
    "sd": 3.8048585560040746,
    "ci_lower": 1.052898009933501,
    "ci_upper": 16.118009712724714
  },
  "tau": {
    "mean": 0.12512574488652595,
    "sd": 0.6393997287306138,
    "ci_lower": 1.4466681773551776e-12,
    "ci_upper": 1.303703988596084
  },
  "convergence": {
    "max_rhat": 1.6,
    "min_ess_bulk": 7.0,
    "min_ess_tail": 16.0,
    "converged": false
  }
}