study,y,sigma,precision,variance,snr,standardized_effect,ci_lower,ci_upper,ci_width
1,28,15,0.06666666666666667,225,1.8666666666666667,1.8666666666666667,-1.3999999999999986,57.4,58.8
2,8,10,0.1,100,0.8,0.8,-11.600000000000001,27.6,39.2
3,-3,16,0.0625,256,-0.1875,-0.1875,-34.36,28.36,62.72
4,7,11,0.09090909090909091,121,0.6363636363636364,0.6363636363636364,-14.559999999999999,28.56,43.12
5,-1,9,0.1111111111111111,81,-0.1111111111111111,-0.1111111111111111,-18.64,16.64,35.28
6,1,11,0.09090909090909091,121,0.09090909090909091,0.09090909090909091,-20.56,22.56,43.12
7,18,10,0.1,100,1.8,1.8,-1.6000000000000014,37.6,39.2
8,12,18,0.05555555555555555,324,0.6666666666666666,0.6666666666666666,-23.28,47.28,70.56
