,rank,elpd_loo,p_loo,elpd_diff,weight,se,dse,warning,scale
Complete_Pooling,0,-30.521460910881146,0.6418203575692196,0.0,0.9999999999999998,1.1181440198383763,0.0,False,log
Hierarchical,1,-30.73288405719378,1.0275476381491515,0.21142314631263304,2.220446049250313e-16,1.044380673533241,0.10951623659329882,False,log
