Model,ELPD,SE,p_loo,Weight,RMSE,MAE,Coverage_90
Hierarchical,-30.73288405719378,1.044380673533241,1.0275476381491515,2.220446049250313e-16,8.979166824365803,6.990548506203218,1.0
Complete Pooling,-30.521460910881146,1.1181440198383763,0.6418203575692196,0.9999999999999998,9.84288726341826,7.75,1.0
