model,elpd_loo,se,p_loo,pareto_k_max,pareto_k_gt_0.7,pareto_k_0.5_0.7,weight
Experiment 1 (Hierarchical),-37.97754853132455,2.7108919501601743,7.413273749622842,1.0147491536513968,6,6,0.4381464839514714
Experiment 2 (Mixture K=3),-37.92805651893673,2.2920168875030433,7.521837922090317,0.8843730424838422,9,2,0.5618535160485286
