Prior,μ_prob mean,μ_prob SD,"μ_prob [2.5%, 97.5%]",σ mean,σ SD,"σ [2.5%, 97.5%]",Total r mean,Total r SD,Obs percentile
Baseline,0.10003281227388384,0.08660077467163371,"[0.011, 0.334]",0.7806363411432701,0.6029968253526669,"[0.027, 2.270]",345.9765,286.93412475296486,40.375
Wider μ,0.1764612698659739,0.21723205317665342,"[0.002, 0.793]",0.7872445744652733,0.5811406997021009,"[0.029, 2.159]",535.9465,605.4388042054705,42.675000000000004
More dispersed σ,0.1066686714610681,0.0964117514608495,"[0.012, 0.377]",1.5334420283893568,1.1853108166684088,"[0.059, 4.427]",464.2365,381.51665830963395,30.35
Both wider,0.1644131257263643,0.21126051953870056,"[0.002, 0.769]",1.5950923127731869,1.1854083367816681,"[0.079, 4.344]",579.437,583.0153891888275,36.075
Tighter μ,0.08028149832136114,0.03767284437139874,"[0.030, 0.171]",0.8142136283481768,0.6182732815752885,"[0.027, 2.282]",300.789,187.054747277368,36.5
