Study,y_obs,sigma,Model1_k,Model2_k
1,28,15,0.10261765553363963,0.2706220080605913
2,8,10,0.1361355033585873,0.4689149404916247
3,-3,16,0.05085695400707431,0.2539761977099653
4,7,11,0.12699845591841558,0.395142170314202
5,-1,9,0.2574198200799148,0.35080731512526875
6,1,11,0.1438779428966681,0.20845706329866304
7,18,10,0.23218785138747655,0.551116475690267
8,12,18,0.02437816226860189,0.16675627412719282
