,rank,elpd_loo,p_loo,elpd_diff,weight,se,dse,warning,scale
Model 1 (Fixed),0,-30.52309272965357,0.6401302932711275,0.0,1.0,1.1364358569577155,0.0,False,log
Model 2 (Random),1,-30.693352030216346,0.984577880842,0.17025930056277616,0.0,1.0497973084792238,0.10490628753033321,False,log
