Metric,Model 1 (Fixed),Model 2 (Random),Difference
RMSE,9.879233245389413,9.086371534621126,-0.7928617107682872
MAE,7.738780680494307,7.081749255615327,-0.6570314248789799
Standardized RMSE,0.7673137521789656,0.69671851354954,-0.07059523862942563
Standardized MAE,0.6169153875607043,0.5605608691248044,-0.05635451843589989
