Study,y_obs,sigma,Model1_pred,Model1_std,Model2_pred,Model2_std,Model1_resid,Model2_resid
1,28,15,7.35215600283137,15.35868871892055,8.698289103737947,16.08633770971895,20.64784399716863,19.30171089626205
2,8,10,7.546172656181713,10.71733588766834,7.597187532311984,11.197326748721617,0.45382734381828715,0.40281246768801626
3,-3,16,7.539664429574257,16.56656184775984,6.845146167010242,16.975672697584557,-10.539664429574257,-9.845146167010242
4,7,11,7.370752921429957,11.64306644863797,7.475512599105276,12.127758315254926,-0.37075292142995675,-0.47551259910527577
5,-1,9,7.373849127402342,9.829421800481938,6.355683220642254,10.331094684495996,-8.373849127402341,-7.355683220642254
6,1,11,7.429453455795077,11.739025207198917,6.666809715158843,12.095046931279125,-6.429453455795077,-5.666809715158843
7,18,10,7.482214436293308,10.734268693134334,8.763622624368452,11.090896633751692,10.517785563706692,9.236377375631548
8,12,18,7.422931394940777,18.457345594823902,7.63005839657561,18.928830142253037,4.577068605059223,4.36994160342439
