study,y,sigma,precision,variance
1,20.01688984749188,15,0.06666666666666667,225
2,15.295025924878969,10,0.1,100
3,26.0796860563254,16,0.0625,256
4,25.733240883799738,11,0.09090909090909091,121
5,-4.8817921776782764,9,0.1111111111111111,81
6,6.075413959121271,11,0.09090909090909091,121
7,3.170006494750837,10,0.1,100
8,8.548174873717354,18,0.05555555555555555,324
