nominal_level,empirical_coverage,n_in_interval,n_total,calibration_error
0.5,0.5833333333333334,7,12,0.08333333333333337
0.8,0.9166666666666666,11,12,0.11666666666666659
0.9,1.0,12,12,0.09999999999999998
0.95,1.0,12,12,0.050000000000000044
