metric,value
elpd_loo,-41.124623771541664
se_elpd,2.241470220311015
p_loo,0.8422726875918372
looic,82.24924754308333
mean_pareto_k,0.09475801591509071
max_pareto_k,0.34811298470163504
n_high_k,0.0
