size_category,n_groups,rmse_rates,mae_rates,avg_ci_width
Small (n<100),2,0.02505597870542869,0.01795015280845115,0.19916648387804342
Medium (100≤n<200),4,0.005064119201855691,0.004507527017099021,0.17235813244216608
Large (n≥200),6,0.0051824367194535275,0.004156550228469898,0.16387288061956243
