group,n_trials,r_successes,pareto_k
1,47,0,0.12422038616621894
2,148,18,0.05654537301252425
3,119,8,0.08284285725574221
4,810,46,0.07041959358680648
5,211,8,0.14466916622663656
6,196,13,0.074349566246517
7,148,9,0.07432097626267631
8,215,31,0.34811298470163504
9,207,14,0.08169584959210835
10,97,8,-0.02213602514071207
11,256,29,0.03701763322329127
12,360,24,0.06503782984764443
