group,pit_value
1,0.03314680051799158
2,0.8160765481467861
3,0.47197295974503667
4,0.3572847961542331
5,0.18955872387051462
6,0.4290104438270056
7,0.3889387101521419
8,0.8921053883673743
9,0.46651739970098266
10,0.5951344379716552
11,0.7738911053916202
12,0.4511111697852212
