{
  "n_simulations": 100,
  "n_failed": 0,
  "n_time_points": 40,
  "n_posterior_draws": 1000,
  "uniformity_tests": {
    "delta": {
      "chi2": 811.9600000000003,
      "p_value": 0.0,
      "histogram": [
        7,
        9,
        2,
        5,
        5,
        2,
        2,
        3,
        4,
        6,
        5,
        6,
        7,
        9,
        3,
        9,
        4,
        4,
        4,
        4
      ],
      "pass": false
    },
    "sigma_eta": {
      "chi2": 996.04,
      "p_value": 0.0,
      "histogram": [
        99,
        0,
        0,
        1,
        0,
        0,
        0,
        0,
        0,
        0,
        0,
        0,
        0,
        0,
        0,
        0,
        0,
        0,
        0,
        0
      ],
      "pass": false
    },
    "phi": {
      "chi2": 850.6,
      "p_value": 0.0,
      "histogram": [
        36,
        5,
        1,
        2,
        2,
        0,
        2,
        1,
        0,
        0,
        2,
        1,
        3,
        3,
        1,
        1,
        3,
        1,
        2,
        34
      ],
      "pass": false
    },
    "eta_1": {
      "chi2": 904.84,
      "p_value": 0.0,
      "histogram": [
        61,
        0,
        0,
        0,
        0,
        0,
        0,
        0,
        0,
        0,
        0,
        0,
        0,
        0,
        0,
        0,
        0,
        0,
        0,
        39
      ],
      "pass": false
    }
  },
  "convergence": {
    "mean_rhat": 1906861177.1647794,
    "max_rhat": 190686117558.19394,
    "mean_ess": 334.2301938560995,
    "min_ess": 333.555703802535,
    "mean_acceptance": 0.36774000000000007,
    "convergence_rate": 0.1
  },
  "overall_decision": "FAIL",
  "decision_criteria": {
    "all_uniform": false,
    "good_convergence": 