study,y_observed,sigma,theta_mean,theta_sd,theta_q05,theta_q50,theta_q95,residual,standardized_residual,pareto_k,loo_pit
1,28,15,9.25455901275866,6.096259880414254,0.23103476651014462,8.797195697403385,19.92418082141586,18.745440987241338,1.1577340748925002,0.3029492694381382,0.9134224266599256
2,8,10,7.68727115084069,5.26781244042278,-1.0008542636433373,7.6453139272913475,16.30092425890476,0.3127288491593099,0.027668636052214573,0.47720623125342343,0.5047244510134851
3,-3,16,6.976894443247782,5.966668767393871,-2.5755297127974237,7.038913879709904,16.424426190091356,-9.976894443247783,-0.5842527583581373,0.41110906044277695,0.2596386005574106
4,7,11,7.58639665815601,5.3438088122109715,-1.1005426883458886,7.500623432356397,16.18976712578865,-0.5863966581560103,-0.04795005848443707,0.6078855999892953,0.4647139437728771
5,-1,9,6.402286490199575,5.316367005212385,-2.7486214450253676,6.5930632977707475,14.748569700689483,-7.402286490199575,-0.7081541792697524,0.6324445559986983,0.15333328602617124
6,1,11,6.91832921774778,5.473168684825285,-2.056221835724963,7.0861755681379,15.59285423504131,-5.91832921774778,-0.48169766475423637,0.37859862636103453,0.2751438446097283
7,18,10,9.08936164311127,5.492498815196305,0.581044742406709,8.941589896766473,18.419359676686113,8.91063835688873,0.7810115633043588,0.36111872444862664,0.8430997782604169
8,12,18,8.069733871071236,5.96229786977474,-1.2726829028895648,7.909480859074622,17.65553593464461,3.930266128928764,0.20727308839983602,0.48081030280773424,0.5954312066818934
