elpd_loo,se_elpd,p_loo,pareto_k_max,pareto_k_mean,pareto_k_good_pct,pareto_k_bad_pct,rmse,mae,mape,r_squared,pre_break_rmse,pre_break_mae,pre_break_r2,post_break_rmse,post_break_mae,post_break_r2,coverage_90pct,mean_interval_width,pre_break_width,post_break_width,prob_beta2_positive,beta_2_mean,acceleration_ratio,pct_increase
-185.49499175654938,5.262839529267314,0.9839939071715946,0.1785759990372627,0.045854878497559,100.0,0.0,32.21221890710593,19.21448730616907,18.118839369661607,0.8569914130351614,6.982888732920145,5.678720945610459,0.40625885096135683,42.05387299581887,29.219184181364565,0.6572727681244428,60.0,43.67185106404348,14.517754921323725,65.2205308217059,0.992375,0.555558058928015,2.5342711462281544,153.42711462281545
