{"N": 27, "x": [1, 1.5, 1.5, 1.5, 2.5, 4, 5, 5, 7, 8, 8.5, 9, 9.5, 9.5, 10, 12, 12, 13, 13, 14.5, 15.5, 15.5, 16.5, 17, 22.5, 29, 31.5], "Y": [1.860704172003044, 1.8455865814395755, 1.7119872064398673, 1.776018109341169, 1.985774032795492, 2.0148978227553505, 2.1650875399441554, 2.1913827611358108, 2.1600273854412477, 2.5685624712778057, 2.26889597137966, 2.4403123678301633, 2.4341237476906703, 2.3945146215351514, 2.5754516135873664, 2.513054638775369, 2.4305510716235874, 2.6306826315565845, 2.5737031525172815, 2.445804474651578, 2.409982710314862, 2.6316549812592878, 2.5451772861623345, 2.42650570851457, 2.6312513483419, 2.455074114868911, 2.524655134933861]}