group,y,sigma
0,20.01688984749188,15
1,15.295025924878967,10
2,26.079686056325396,16
3,25.733240883799738,11
4,-4.8817921776782764,9
5,6.075413959121271,11
6,3.1700064947508375,10
7,8.548174873717354,18
