trial_id,n,r,proportion
1,47,0,0.0
2,148,18,0.12162162162162163
3,119,8,0.06722689075630252
4,810,46,0.056790123456790124
5,211,8,0.037914691943127965
6,196,13,0.0663265306122449
7,148,9,0.060810810810810814
8,215,31,0.14418604651162792
9,207,14,0.06763285024154589
10,97,8,0.08247422680412371
11,256,29,0.11328125
12,360,24,0.06666666666666667
