,rank,elpd_loo,p_loo,elpd_diff,weight,se,dse,warning,scale
Exp2_AR1,0,6.127657196914715,4.9599391330329095,0.0,0.9999999998431548,4.320215570870831,0.0,True,log
Exp1_NegBin,1,-170.96248908507243,3.7773957125249638,177.09014628198713,1.5684520349168452e-10,5.6000251536717025,7.47539581138154,False,log
