{
  "loo": {
    "elpd_loo": 17.06310331027459,
    "se": 3.1264159951127555,
    "p_loo": 2.621931136714629,
    "looic": -34.12620662054918,
    "pareto_k_good_pct": 100.0,
    "pareto_k_ok_pct": 0.0,
    "pareto_k_bad_pct": 0.0,
    "pareto_k_max": 0.41936665030496506,
    "pareto_k_mean": 0.09911567402306722
  },
  "calibration": {
    "ks_statistic": 0.08291666666666664,
    "ks_pvalue": 0.9848180558228543,
    "coverage_50": 0.48148148148148145,
    "coverage_80": 0.8148148148148148,
    "coverage_90": 0.9259259259259259,
    "coverage_95": 1.0
  },
  "predictive_metrics": {
    "rmse": 0.11488850110556506,
    "mae": 0.09336445662004526,
    "r2": 0.8291304577704486,
    "mape": 4.023869936017657,
    "mean_pred_std": 0.12991915276263474,
    "mean_interval_width_90": 0.4264695103400129
  },
  "parameters": {
    "beta0_mean": 1.7508544166658802,
    "beta0_sd": 0.05788306305715344,
    "beta0_ci_lower": 1.6326216398619426,
    "beta0_ci_upper": 1.8649488243502639,
    "beta1_mean": 0.2748831635703377,
    "beta1_sd": 0.025039230818130583,
    "beta1_ci_lower": 0.22743714736147327,
    "beta1_ci_upper": 0.3256189207892813,
    "sigma_mean": 0.1240903285662043,
    "sigma_sd": 0.01819734497727775,
    "sigma_ci_lower": 0.09384435531910837,
    "sigma_ci_upper": 0.16409968822264465,
    "beta_correlation": -0.9044332279034341
  }
}