{
  "rank_uniformity": {
    "alpha": {
      "chi2": 11.6,
      "p_value": 0.9020042603984212
    },
    "beta": {
      "chi2": 20.4,
      "p_value": 0.37087906036980756
    },
    "c": {
      "chi2": 13.6,
      "p_value": 0.8064901149045073
    },
    "nu": {
      "chi2": 24.400000000000002,
      "p_value": 0.18125355173635405
    },
    "sigma": {
      "chi2": 10.8,
      "p_value": 0.9303826560232648
    }
  },
  "z_scores": {
    "alpha": {
      "mean": 0.049976434079440926,
      "std": 1.0214553757769618,
      "t_stat": 0.48681445356932246,
      "t_pvalue": 0.6274658850043145
    },
    "beta": {
      "mean": -0.04116356487529072,
      "std": 0.9881430397975872,
      "t_stat": -0.4144868532983578,
      "t_pvalue": 0.6794143296652564
    },
    "c": {
      "mean": 0.07658075588154123,
      "std": 1.1026835857124915,
      "t_stat": 0.6910131883121151,
      "t_pvalue": 0.49117437269021735
    },
    "nu": {
      "mean": -0.01017110207461156,
      "std": 1.5116025686147487,
      "t_stat": -0.06694960035058542,
      "t_pvalue": 0.9467568482273065
    },
    "sigma": {
      "mean": 0.03611682354599861,
      "std": 1.0898062842047442,
      "t_stat": 0.3297447098379352,
      "t_pvalue": 0.7422895495483068
    }
  },
  "coverage": {
    "alpha": {
      "coverage_90": 88.0,
      "coverage_95": 92.0,
      "pass_90": 