{
  "n_draws": 1000,
  "prior_samples": {
    "beta_0": {
      "mean": 2.3096660279111627,
      "sd": 0.4893631038736771,
      "min": 0.6793663299654635,
      "max": 4.22636574532736
    },
    "beta_1": {
      "mean": 0.30062543558737337,
      "sd": 0.14954332879419452,
      "min": -0.15105829519964203,
      "max": 0.7689661351767291
    },
    "sigma": {
      "mean": 0.09877781482397366,
      "sd": 0.09801886636407697,
      "min": 1.1634823050432324e-06,
      "max": 0.6805751219889282
    },
    "nu": {
      "mean": 20.31486704095851,
      "sd": 14.402790858922044,
      "min": 0.2586048512545218,
      "max": 136.10232684515387,
      "quantiles": {
        "5": 3.0691919894674635,
        "25": 10.08505359896402,
        "50": 17.26426302136099,
        "75": 27.305190192877106,
        "95": 48.08944909356868
      }
    }
  },
  "validation_checks": {
    "domain_violations_extreme": {
      "pct": 0.05555555555555555,
      "status": "PASS"
    },
    "domain_violations_moderate": {
      "pct": 0.07777777777777778,
      "status": "PASS"
    },
    "negative_slopes": {
      "pct": 2.3,
      "status": "PASS"
    },
    "large_sigma": {
      "pct": 0.0,
      "status": "PASS"
    },
    "nu_distribution": {
      "very_heavy": 8.9,
      "heavy": 48.3,
      "moderate": 21.5,
      "near_normal": 21.3,
      "status": "PASS"
    },
    "coverage": {
      "status": "PASS"
    }
  },
  "overall": "PASS"
}