observation,y_obs,sigma_obs,loo_i,pareto_k,k_category
0,20.01688984749188,15,-3.902875693941013,0.12764490947258766,good
1,15.295025924878969,10,-3.474788558479279,0.2497914064306614,good
2,26.0796860563254,16,-4.260764591060759,0.12850183411953384,good
3,25.733240883799738,11,-4.562855605586444,0.30003334753986244,good
4,-4.8817921776782764,9,-4.952994901011792,0.3728666971840671,good
5,6.075413959121271,11,-3.465000381100783,0.15378529276495134,good
6,3.170006494750837,10,-3.5940093694832456,0.20730059381860924,good
7,8.548174873717354,18,-3.83888603211291,0.07666405088543352,good
