metric,value
RMSE,10.72749003173924
MAE,9.299096765716532
RMSE_baseline_mean,10.42778666864137
MAE_baseline_mean,9.276629945323101
Signal_SD,10.42778666864137
RMSE_relative,1.028740841428905
