beta_0_coverage,beta_0_correlation,beta_0_bias,beta_0_rel_bias,beta_0_rmse,beta_0_rank_chi2,beta_0_rank_pvalue,beta_1_coverage,beta_1_correlation,beta_1_bias,beta_1_rel_bias,beta_1_rmse,beta_1_rank_chi2,beta_1_rank_pvalue,phi_coverage,phi_correlation,phi_bias,phi_rel_bias,phi_rmse,phi_rank_chi2,phi_rank_pvalue,decision,n_simulations,n_valid,convergence_rate
0.95,0.9984241295757179,0.002706356218728856,0.0031091568681090353,0.049395996091384994,18.0,0.5224382739862627,0.9,0.9908450032980393,0.010151074990727404,0.01926785174378352,0.07349758323331453,19.0,0.45683612559196224,0.85,0.8772486503837611,-0.4084496284318936,-0.04270001681925796,4.6126424975160205,23.0,0.2373418008290006,FAIL,50,40,0.8
