{
  "elpd_loo": 23.831909945219408,
  "se": 2.842462780520825,
  "p_loo": 2.7240289108564752,
  "n_samples": 4000,
  "n_data_points": 27,
  "warning": false
}