,rank,elpd_loo,p_loo,elpd_diff,weight,se,dse,warning,scale
Model_1_Normal,0,24.888818170108106,2.2980025404351814,0.0,1.0,2.8211192345713614,0.0,False,log
Model_2_StudentT,1,23.831909945219408,2.7240289108564752,1.056908224888704,0.0,2.842462780520825,0.358859883450512,False,log
