{
  "coverage_50": 55.55555555555556,
  "coverage_80": 81.48148148148148,
  "coverage_90": 96.29629629629629,
  "coverage_95": 100.0,
  "mae": 0.07117200812035575,
  "rmse": 0.090058203282613,
  "mape": 3.0373202789050366,
  "max_error": 0.19273970972004628
}