{
  "Hierarchical": {
    "has_posterior_predictive": true,
    "rmse": 9.82451453060913,
    "mae": 8.538621556204662,
    "bias": 1.1974341143246992,
    "coverage_90": 1.0,
    "coverage_95": 1.0,
    "calibration": "Good",
    "pred_mean": [
      11.115029007928355,
      11.127212215225232,
      11.755222991720153,
      13.237335418925417,
      5.866343418289915,
      8.958108637956729,
      8.275206811706887,
      9.805014412844907
    ],
    "pred_std": [
      16.725647242216823,
      11.820503933553919,
      17.772277142277485,
      13.16776335628712,
      11.046296604578059,
      12.859725757047096,
      11.77840039700597,
      19.434370219974703
    ]
  },
  "Complete_Pooling": {
    "has_posterior_predictive": true,
    "rmse": 9.951819724611626,
    "mae": 8.352014372037306,
    "bias": 1.1278477950138766,
    "coverage_90": 1.0,
    "coverage_95": 1.0,
    "calibration": "Good",
    "pred_mean": [
      9.812531106756749,
      9.839114132367925,
      9.85245072138842,
      10.124672953625074,
      10.232761296943346,
      9.870449563879971,
      9.935581387290696,
      9.915221197858834
    ],
    "pred_std": [
      15.743687343355642,
      10.65766430770249,
      16.870985662480866,
      11.80669207473203,
      10.051083025590472,
      11.579656556432754,
      10.83685065637545,
      18.32135011142718
    ]
  },
  "Skeptical": {
    "has_posterior_predictive": false
  },
  "Enthusiastic": {
    "has_posterior_predictive": false
  }
}