,rank,elpd_loo,p_loo,elpd_diff,weight,se,dse,warning,scale
Skeptical,0,63.87133404845476,0.9954851545661079,0.0,0.6490985517282842,2.732950975805382,0.0,False,deviance
Enthusiastic,1,63.961022969898025,1.1970766613664452,0.08968892144326546,0.3509014482717143,2.8074882445709246,1.0730299516386925,False,deviance
Complete_Pooling,2,64.1207066714468,1.1781741685989502,0.24937262299204122,2.2687543708051344e-16,2.874053823685398,0.9443719501338357,False,deviance
Hierarchical,3,64.4613494647313,2.1103458739911503,0.5900154162765432,1.2212453270876722e-15,2.2078943343254154,0.7433364507745848,False,deviance
