fixed_effect,fixed_effect_se,random_effect,random_effect_se,Q,Q_pvalue,I_squared,H_squared,tau_squared,tau,prediction_lower,prediction_upper
7.685616724956035,4.071919158402296,7.685616724956035,4.071919158402296,4.707078864400159,0.6956591666351956,0,0.6724398377714512,0,0.0,-0.29534482551246466,15.666578275424534
