study_removed,pooled_effect,pooled_se,Q,Q_pvalue,I_squared
1,6.069533805527011,4.23078794371797,2.7270615502894064,0.8422405610070616,0
2,7.623129637979727,4.458260311027795,4.705894047013369,0.5820488997171334,0
3,8.425628131613697,4.21055547188673,4.230165258711488,0.6455603261187568,0
4,7.794484211132475,4.38329884443596,4.702577115120275,0.5824854988836676,0
5,9.921153294555157,4.565970152299047,3.5360053864866154,0.7391733376303231,0
6,8.747210265329183,4.38329884443596,4.2790220171139115,0.6389740060023545,0
7,5.635521137891163,4.458260311027795,3.431759124600458,0.7530255997411303,0
8,7.452922479974437,4.18028569971274,4.646529990317669,0.5898788668457877,0
