study,y,sigma,ci_lower,ci_upper,ci_width,weight,weighted_y,Q_contribution,Q_contribution_pct,std_residual
1,28,15,-1.3999999999999986,57.4,58.8,0.0044444444444444444,0.12444444444444444,1.83410741264616,38.96487536075917,1.3542922183362645
2,8,10,-11.6,27.6,39.2,0.01,0.08,0.0009883684362736922,0.020997490476498397,0.03143832750439648
3,-3,16,-34.36,28.36,62.72,0.00390625,-0.01171875,0.4460250187213286,9.475622388539847,-0.6678510453097521
4,7,11,-14.56,28.56,43.12,0.008264462809917356,0.05785123966942149,0.0038848784590036333,0.0825326826024764,-0.06232879317782138
5,-1,9,-18.64,16.64,35.28,0.012345679012345678,-0.012345679012345678,0.9313572579362467,19.786310889756745,-0.965068524995115
6,1,11,-20.56,22.56,43.12,0.008264462809917356,0.008264462809917356,0.3694005867191063,7.847767104836482,-0.6077833386323669
7,18,10,-1.6000000000000014,37.6,39.2,0.01,0.18,1.0638650234450668,22.601385149739556,1.0314383275043966
8,12,18,-23.28,47.28,70.56,0.0030864197530864196,0.037037037037037035,0.05745031803697248,1.2205089332892152,0.23968795972466472
