study,y,sigma,ci_lower,ci_upper,ci_width
1,28,15,-1.3999999999999986,57.4,58.8
2,8,10,-11.600000000000001,27.6,39.2
3,-3,16,-34.36,28.36,62.72
4,7,11,-14.559999999999999,28.56,43.12
5,-1,9,-18.64,16.64,35.28
6,1,11,-20.56,22.56,43.12
7,18,10,-1.6000000000000014,37.6,39.2
8,12,18,-23.28,47.28,70.56
