{
  "skeptical": {
    "mu": 8.575198303297892,
    "mu_sd": 3.8048585560040746,
    "mu_ci": [
      1.052898009933501,
      16.118009712724714
    ]
  },
  "enthusiastic": {
    "mu": 10.404008387318616,
    "mu_sd": 3.9571417715978097,
    "mu_ci": [
      2.7466155831978947,
      18.30344979755688
    ]
  },
  "comparison": {
    "difference": 1.8288100840207235,
    "sensitivity": "ROBUST",
    "ensemble": 9.21695744742026,
    "weights": {
      "skeptical": 0.6490837677844435,
      "enthusiastic": 0.35091623221555646
    }
  }
}