,rank,elpd_loo,p_loo,elpd_diff,weight,se,dse,warning,scale
Skeptical,0,-31.93566702422738,0.9954851545661079,0.0,0.6490837677844435,1.366475487902691,0.0,False,log
Enthusiastic,1,-31.980511484949012,1.1970766613664452,0.04484446072163273,0.35091623221555646,1.4037441222854623,0.5365149758193463,False,log
