{
  "elpd_loo": 46.99215419082432,
  "se": 3.109415450371369,
  "p_loo": 2.430658661511437,
  "pareto_k_stats": {
    "good_k_lt_0.5": 27,
    "ok_k_0.5_to_0.7": 0,
    "bad_k_0.7_to_1.0": 0,
    "very_bad_k_gte_1.0": 0,
    "percent_good": 100.0,
    "max_k": 0.47179428653225447,
    "mean_k": 0.10602180657313466
  }
}