{"n": 40, "C": [30, 32, 21, 30, 31, 28, 28, 23, 22, 30, 28, 28, 38, 31, 53, 42, 49, 60, 63, 65, 73, 69, 108, 125, 111, 124, 137, 164, 181, 174, 167, 244, 195, 254, 235, 238, 269, 263, 261, 252], "year": [-1.66802789939819, -1.58248800712136, -1.49694811484453, -1.4114082225677, -1.32586833029087, -1.24032843801404, -1.15478854573721, -1.06924865346038, -0.983708761183547, -0.898168868906717, -0.812628976629887, -0.727089084353056, -0.641549192076226, -0.556009299799396, -0.470469407522566, -0.384929515245736, -0.299389622968906, -0.213849730692075, -0.128309838415245, -0.0427699461384151, 0.0427699461384151, 0.128309838415245, 0.213849730692075, 0.299389622968906, 0.384929515245736, 0.470469407522566, 0.556009299799396, 0.641549192076226, 0.727089084353056, 0.812628976629887, 0.898168868906717, 0.983708761183547, 1.06924865346038, 1.15478854573721, 1.24032843801404, 1.32586833029087, 1.4114082225677, 1.49694811484453, 1.58248800712136, 1.66802789939819]}