Model,Parameters,Log-Likelihood,AIC,BIC
Pooled Binomial,1,-44.14669237269103,90.29338474538206,90.77829139517006
Heterogeneous Binomial,12,-24.88165622571691,73.76331245143382,79.58219224888983
Beta-Binomial (approx),2,-21.84525245908925,47.6905049181785,48.6603182177545
