{
  "verdict": "PASS",
  "n_pass": 5.0,
  "n_total": 6,
  "coverage_95": 1.0,
  "observed_stats": {
    "mean": 109.45,
    "sd": 86.26552628739378,
    "min": 19.0,
    "max": 272.0,
    "q25": 34.75,
    "q50": 74.5,
    "q75": 195.5,
    "var_mean_ratio": 67.99215190169964,
    "growth_factor": 8.448275862068966,
    "acf_lag1": 0.9885959048709622
  },
  "predicted_stats_mean": {
    "mean": 109.17387187500002,
    "sd": 85.98852405835487,
    "min": 18.418625,
    "max": 287.34925,
    "q25": 36.0195,
    "q50": 72.5025,
    "q75": 188.5720625,
    "var_mean_ratio": 67.80285862571533,
    "growth_factor": 10.042022404033352,
    "acf_lag1": 0.9524139813952313
  },
  "predicted_stats_sd": {
    "mean": 3.9606451959193447,
    "sd": 5.170742230825987,
    "min": 3.079590574958788,
    "max": 24.694822826606796,
    "q25": 2.804111557160307,
    "q50": 6.038340521202826,
    "q75": 12.941197930295857,
    "var_mean_ratio": 6.107066577637613,
    "growth_factor": 3.3216797342333204,
    "acf_lag1": 0.020307297112745603
  }
}