{
  "n_observations": 27,
  "n_variables": 2,
  "missing_values": {
    "x": 0,
    "Y": 0
  },
  "n_duplicates": 0,
  "statistics": {
    "x": {
      "mean": 10.944444444444445,
      "median": 9.5,
      "std": 7.8695290316185496,
      "min": 1.0,
      "max": 31.5,
      "skewness": 1.0038864877564393,
      "kurtosis": 1.041645081158853
    },
    "Y": {
      "mean": 2.3189416169672836,
      "median": 2.4305510716235874,
      "std": 0.2832301247080389,
      "min": 1.7119872064398671,
      "max": 2.631654981259288,
      "skewness": -0.8798505815885849,
      "kurtosis": -0.46261479333994426
    }
  }
}