school,y,sigma,precision,z_score
1,28,15,0.0044444444444444444,1.3542922183362645
2,8,10,0.01,0.03143832750439648
3,-3,16,0.00390625,-0.6678510453097521
4,7,11,0.008264462809917356,-0.06232879317782138
5,-1,9,0.012345679012345678,-0.965068524995115
6,1,11,0.008264462809917356,-0.6077833386323669
7,18,10,0.01,1.0314383275043966
8,12,18,0.0030864197530864196,0.23968795972466472
