{
  "beta_0": {
    "bias": -0.010126225109452358,
    "abs_bias": 0.0681164009482282,
    "rmse": 0.08296251666857435,
    "rel_bias": -0.0021558938152487694,
    "regression_slope": 0.8916479436376313,
    "regression_intercept": 0.49880297448139466,
    "regression_r2": 0.9437454230658976,
    "coverage_95": 100.0,
    "z_mean": -0.16090118811931278,
    "z_sd": 0.8039954875349393,
    "chi2_stat": 50.0,
    "chi2_pvalue": 0.43343669725576084,
    "ks_stat": 0.16099999999999998,
    "ks_pvalue": 0.6209190749314427,
    "rank_mean": 551.5,
    "rank_expected": 500.0,
    "rank_std": 256.09285425407717,
    "rank_expected_std": 288.6751345948129
  },
  "beta_1": {
    "bias": -0.007970195080672333,
    "abs_bias": 0.050758197789069336,
    "rmse": 0.059049688893694004,
    "rel_bias": -0.010187887667938635,
    "regression_slope": 0.997116679295689,
    "regression_intercept": -0.005714513702694379,
    "regression_r2": 0.8847012654289538,
    "coverage_95": 100.0,
    "z_mean": -0.05273293664035443,
    "z_sd": 0.7912209641684815,
    "chi2_stat": 45.0,
    "chi2_pvalue": 0.6359803139552492,
    "ks_stat": 0.17199999999999993,
    "ks_pvalue": 0.5385663631323248,
    "rank_mean": 522.1,
    "rank_expected": 500.0,
    "rank_std": 258.884124658118,
    "rank_expected_std": 288.6751345948129
  },
  "beta_2": {
    "bias": 0.01107032030296115,
    "abs_bias": 0.05495817265876379,
    "rmse": 0.06743121539391009,
    "rel_bias": 0.037927409393988636,
    "regression_slope": 0.5609965524771064,
    "regression_intercept": 0.13920743422229218,
    "regression_r2": 0.49717033738503,
    "coverage_95": 95.0,
    "z_mean": 0.2180212065317373,
    "z_sd": 1.02952996657159,
    "chi2_stat": 40.0,
    "chi2_pvalue": 0.8167770748275297,
    "ks_stat": 0.21699999999999997,
    "ks_pvalue": 0.2626505118566099,
    "rank_mean": 423.8,
    "rank_expected": 500.0,
    "rank_std": 302.53042822169147,
    "rank_expected_std": 288.6751345948129
  },
  "phi": {
    "bias": -0.3261367605466372,
    "abs_bias": 0.9529203781593869,
    "rmse": 1.7412369374408536,
    "rel_bias": -0.06972030711137268,
    "regression_slope": 0.6165544312272075,
    "regression_intercept": 1.4675400149408087,
    "regression_r2": 0.7857896603259614,
    "coverage_95": 85.0,
    "z_mean": -0.12284211052735639,
    "z_sd": 1.1013135574602124,
    "chi2_stat": 45.0,
    "chi2_pvalue": 0.6359803139552492,
    "ks_stat": 0.184,
    "ks_pvalue": 0.4537651498850711,
    "rank_mean": 542.7,
    "rank_expected": 500.0,
    "rank_std": 276.84690715267163,
    "rank_expected_std": 288.6751345948129
  }
}