{
  "elpd_loo": 23.705240267901694,
  "se_elpd_loo": 3.0886438189008265,
  "p_loo": 2.605547376668955,
  "n_samples": 27,
  "max_pareto_k": 0.3248936828607805,
  "mean_pareto_k": 0.12562217302255604,
  "n_good": 27,
  "n_ok": 0,
  "n_bad": 0,
  "n_very_bad": 0
}