{
  "elpd_loo": 38.854135003955385,
  "se_elpd_loo": 3.2912532493455666,
  "p_loo": 2.7921725030053963,
  "looic": -77.70827000791077,
  "n_high_pareto_k": 0,
  "n_very_high_pareto_k": 0,
  "max_pareto_k": 0.39908958628359054,
  "mean_pareto_k": 0.0819497527743953,
  "pareto_k_values": [
    0.1384311410599833,
    0.1381667397023351,
    0.39908958628359054,
    0.23154109498388634,
    -0.02851305853339602,
    0.12504636684687945,
    -0.008561645233426188,
    0.0752888679191058,
    0.02050162651858755,
    0.23833830152311647,
    -0.0512612535052842,
    -0.10143020557931005,
    0.011341551535181151,
    0.03734139919393912,
    0.09136457720105817,
    -0.018967267320104696,
    0.01838649613942334,
    0.025697195193631308,
    0.010909408967550807,
    0.06682923441302091,
    0.11996544442033391,
    0.03855544784695164,
    -0.0005404577711277515,
    0.12437311764123067,
    0.017372685510532657,
    0.24575703070539764,
    0.24761989924558625
  ],
  "pareto_k_categories": {
    "good (k < 0.5)": 27,
    "ok (0.5 <= k < 0.7)": 0,
    "bad (0.7 <= k < 1.0)": 0,
    "very_bad (k >= 1.0)": 0
  }
}