{
  "overdispersion": {
    "phi_obs": 0.016714760094499573,
    "phi_pp_median": 0.026304955171958688,
    "phi_pp_95ci": [
      0.007689852146373486,
      0.09224889697653071
    ],
    "p_value": 0.744,
    "status": "PASS"
  },
  "range": {
    "min_obs": 0.030927835051546393,
    "max_obs": 0.13953488372093023,
    "min_pp_95ci": [
      0.0,
      0.05409159159159156
    ],
    "max_pp_95ci": [
      0.10081932773109244,
      0.31635675597253116
    ],
    "p_value_min": 0.76,
    "p_value_max": 0.806,
    "status": "PASS"
  },
  "loo": {
    "pareto_k": [
      0.12189136942077214,
      0.2042739362035469,
      -0.13450450323876348,
      0.13685597189818194,
      0.03299283588188469,
      -0.1218374828948327,
      -0.03585651728854609,
      0.19488652999218214,
      -0.10007849905078421,
      0.04196350735667515,
      -0.12002845324993403,
      -0.12185948226086402
    ],
    "n_bad": 0,
    "status": "PASS"
  },
  "group_fit": {
    "p_values": [
      0.516,
      0.392,
      0.928,
      0.354,
      0.716,
      0.81,
      0.814,
      0.308,
      1.002,
      0.364,
      0.988,
      1.036
    ],
    "n_concern": 0,
    "status": "PASS"
  }
}