{
  "n_iterations": 149,
  "success_rate": 0.9933333333333333,
  "convergence_rate": 1.0,
  "coverage": {
    "mu": 0.9664429530201343,
    "phi": 0.4563758389261745
  },
  "bias": {
    "mu": 0.012853300572586343,
    "phi": -2.1850445744807754
  },
  "rmse": {
    "mu": 0.031772698936696334,
    "phi": 3.1563227099152225
  },
  "contraction": {
    "mu": 0.6453860116751261,
    "phi": 0.907745830858572
  },
  "rank_uniformity": {
    "mu_chisq": 71.26845637583892,
    "mu_pvalue": 5.653141532668826e-08,
    "phi_chisq": 1104.2885906040267,
    "phi_pvalue": 0.0
  }
}