group,y,sigma,rel_error,snr
0,20.01688984749188,15,0.7493671651432654,1.3344593231661253
1,15.295025924878969,10,0.6538073259316252,1.5295025924878969
2,26.0796860563254,16,0.6135043177070507,1.6299803785203375
3,25.733240883799738,11,0.42746267559812134,2.3393855348908854
4,-4.8817921776782764,9,1.8435852392799514,0.5424213530753641
5,6.075413959121271,11,1.810576213244736,0.5523103599201155
6,3.170006494750837,10,3.1545676693593023,0.3170006494750837
7,8.548174873717354,18,2.105712653977599,0.47489860409540857
