study,y,sigma
1,20.01688984749188,15
2,15.295025924878967,10
3,26.079686056325396,16
4,25.733240883799738,11
5,-4.8817921776782764,9
6,6.075413959121271,11
7,3.1700064947508375,10
8,8.548174873717354,18
