school,y_obs,sigma_obs,elpd_loo_i,pareto_k
1,20.01688984749188,15,-3.9664384721921664,0.5012719947027452
2,15.295025924878969,10,-3.629534207818539,0.6950757993390928
3,26.0796860563254,16,-4.244903648043234,0.45655871453405084
4,25.733240883799738,11,-4.376332587210719,0.5095039699107363
5,-4.8817921776782764,9,-4.5384506234019675,0.4605810256682872
6,6.075413959121271,11,-3.6920485051962224,0.643261392627126
7,3.170006494750837,10,-3.7652309897523804,0.6391543861335087
8,8.548174873717354,18,-3.9556624363830206,0.5793116953862919
