{
  "mu_mean": 7.749165834583564,
  "mu_median": 7.768276159179713,
  "mu_sd": 4.472266315982357,
  "mu_ci_lower": -1.1941560890700362,
  "mu_ci_upper": 16.528436637065692,
  "tau_mean": 3.5714381270435225,
  "tau_median": 2.863931191363336,
  "tau_sd": 3.0273965615743594,
  "tau_ci_lower": 0.14305891965089204,
  "tau_ci_upper": 11.322477326132702,
  "prob_mu_positive": 0.95725,
  "prob_mu_gt_5": 0.73425,
  "prob_mu_gt_10": 0.30875,
  "prob_tau_lt_1": 0.18925,
  "prob_tau_lt_5": 0.74925,
  "prob_tau_lt_10": 0.9575
}