study,y_obs,sigma_obs,theta_mean,theta_sd,theta_ci_lower,theta_ci_upper,shrinkage
1,28.0,15.0,9.254559012758673,6.096259880414252,-1.5716687291377958,23.05412064872406,0.9256626583439235
2,8.0,10.0,7.6872711508406875,5.267812440422785,-2.8511400122603896,18.24418735198148,1.2467553957018507
3,-3.0,16.0,6.976894443247799,5.966668767393875,-5.532631893952992,18.39977488613457,0.9281552258826339
4,7.0,11.0,7.586396658156013,5.343808812210977,-2.964917277102838,17.831040457369884,0.7827327823644965
5,-1.0,9.0,6.402286490199576,5.316367005212387,-4.839680212610893,16.40205953837138,0.8460562561221476
6,1.0,11.0,6.918329217747775,5.473168684825286,-4.453051621361903,17.296008494173414,0.8768978808346243
7,18.0,10.0,9.089361643111255,5.492498815196301,-1.0174998974261946,20.8796149887021,0.8692598293074381
8,12.0,18.0,8.069733871071227,5.962297869774737,-3.4299412128731266,20.687438038985245,0.924587028330648
