study,y,sigma,y_zscore,sigma_zscore,precision,weight,ci_lower,ci_upper,ci_width
1,28,15,1.8432117622573656,0.7489308618940976,0.06666666666666667,0.0044444444444444444,-1.3999999999999986,57.4,58.8
2,8,10,-0.0718134452827545,-0.7489308618940976,0.1,0.010000000000000002,-11.600000000000001,27.6,39.2
3,-3,16,-1.1250773094298205,1.0485032066517366,0.0625,0.00390625,-34.36,28.36,62.72
4,7,11,-0.1675647056597605,-0.4493585171364586,0.09090909090909091,0.008264462809917356,-14.559999999999999,28.56,43.12
5,-1,9,-0.9335747886758086,-1.0485032066517366,0.1111111111111111,0.012345679012345678,-18.64,16.64,35.28
6,1,11,-0.7420722679217966,-0.4493585171364586,0.09090909090909091,0.008264462809917356,-20.56,22.56,43.12
7,18,10,0.8856991584873056,-0.7489308618940976,0.1,0.010000000000000002,-1.6000000000000014,37.6,39.2
8,12,18,0.31119159622526954,1.6476478961670147,0.05555555555555555,0.0030864197530864196,-23.28,47.28,70.56
