{
  "elpd_loo": 23.56306012015811,
  "se": 3.1545693349042008,
  "p_loo": 3.4116199190399747,
  "pareto_k_stats": {
    "good_k_lt_0.5": 26,
    "ok_k_0.5_to_0.7": 0,
    "bad_k_0.7_to_1.0": 1,
    "very_bad_k_gte_1.0": 0,
    "percent_good": 96.29629629629629,
    "max_k": 0.9635281608833952,
    "mean_k": 0.2009333891870311
  }
}