{
  "r2": 0.8873230552712793,
  "rmse": 0.09329572988843415,
  "n_obs": 27
}