{
  "n_prior_samples": 1000,
  "mu_mean": -2.4806679441776742,
  "mu_sd": 0.9787262077473543,
  "tau_mean": 3.972022359401722,
  "tau_median": 1.0054833270837369,
  "tau_95pct": 12.308952117486843,
  "p_prior_min": 0.0,
  "p_prior_max": 1.0,
  "p_prior_mean": 0.18342123801192087,
  "phi_obs": 4.379885079196331,
  "phi_prior_mean": 58.63105814733493,
  "phi_prior_median": 19.120422305906068,
  "covers_range_pct": 55.1,
  "covers_phi_pct": 78.2,
  "group_coverage_pct": 100.0,
  "extreme_high_pct": 11.15,
  "extreme_very_high_pct": 6.883333333333333,
  "criterion_1_pass": true,
  "criterion_2_pass": true,
  "criterion_3_pass": true,
  "criterion_4_pass": false,
  "overall_pass": false
}