group_id,n_trials,r_successes,success_rate
1,47,6,0.1276595744680851
2,148,19,0.12837837837837837
3,119,8,0.06722689075630252
4,810,34,0.04197530864197531
5,211,12,0.05687203791469194
6,196,13,0.0663265306122449
7,148,9,0.060810810810810814
8,215,30,0.13953488372093023
9,207,16,0.07729468599033816
10,97,3,0.030927835051546393
11,256,19,0.07421875
12,360,27,0.075
