School,Observed,Predicted Mean,Predicted SD,Measurement SE,p-value,Status
School 1,20.01688984749188,12.671967040700997,17.06582195990281,15,0.334875,OK
School 2,15.295025924878969,12.082216221974704,11.924761291908217,10,0.38775,OK
School 3,26.0796860563254,13.502897967380337,18.196358709867912,16,0.242,OK
School 4,25.733240883799738,15.249350639151954,13.711250221369243,11,0.214375,OK
School 5,-4.8817921776782764,4.820045301944557,11.490002806590288,9,0.79975,OK
School 6,6.075413959121271,9.385490261701175,13.137546480160811,11,0.6025,OK
School 7,3.170006494750837,7.926702306076553,12.090152216196858,10,0.658625,OK
School 8,8.548174873717354,10.05078313487372,19.69266111803104,18,0.5305,OK
