study,y_obs,sigma,y_rep_mean,y_rep_sd,ppi_95_lower,ppi_95_upper,ppi_50_lower,ppi_50_upper,ppc_pval,ppc_pval_2sided,is_outlier,residual,std_residual
1,28,15,9.098990538817326,15.986634522200292,-21.161734337976352,40.50564298187727,-1.5893749468575846,19.652986396003207,0.878,0.244,False,18.901009461182674,1.1823007171981854
2,8,10,7.736899378932513,11.4232807825819,-14.87805374756703,30.671005245519456,-0.07496040428800477,15.326689587649359,0.5015,0.9970000000000001,False,0.2631006210674869,0.02303196656679051
3,-3,16,6.762406842069163,17.042801635168583,-25.728885833970374,40.55815263063548,-4.99952564407004,18.292181144966985,0.28675,0.5735,False,-9.762406842069163,-0.5728170198216707
4,7,11,7.489431354064522,12.248505630381953,-16.362586104218064,32.437012049422066,-0.5390627804170611,15.53157521452352,0.4765,0.953,False,-0.4894313540645223,-0.039958454429780105
5,-1,9,6.428237099574904,10.408430900964147,-14.418344875838237,27.030419531548784,-0.39151531899640024,13.42364310554768,0.234,0.468,False,-7.428237099574904,-0.7136750169410085
6,1,11,6.751468647263117,12.352957044845496,-17.86828894849257,31.39820987947966,-1.4586201954066513,14.941090624259616,0.3195,0.639,False,-5.751468647263117,-0.4655944828742868
7,18,10,9.230877784599313,11.395746524308949,-13.436729622420927,31.622208330262666,1.467455432023529,16.929576020834418,0.779,0.44199999999999995,False,8.769122215400687,0.7695083596932195
8,12,18,7.791047023303228,19.063078577322294,-30.254175702415708,45.74657993005841,-5.206271976883344,20.50073378088173,0.58875,0.8225,False,4.208952976696772,0.22079083184936363
